output,normal_state,safe_state
d_24,fpga_24,0
d_25,fpga_25,0
d_26,fpga_26,0
d_27,fpga_27,0
d_28,fpga_28,0
d_29,fpga_29,0
fpga_00,d_00,d_00
fpga_01,d_01,d_01
fpga_02,d_02,d_02
fpga_03,d_03,d_03
fpga_04,d_04,d_04
fpga_05,d_05,d_05
fpga_06,d_06,d_06
fpga_07,d_07,d_07
fpga_08,d_08,d_08
fpga_09,d_09,d_09
fpga_10,d_10,d_10
fpga_11,d_11,d_11
fpga_12,d_12,d_12
fpga_13,d_13,d_13
fpga_14,d_14,d_14
fpga_15,d_15,d_15
fpga_16,d_16,d_16
fpga_17,d_17,d_17
fpga_18,d_18,d_18
fpga_19,d_19,d_19
fpga_20,d_20,d_20
fpga_21,d_21,d_21
fpga_22,d_22,d_22
fpga_23,d_23,d_23
