pin,direction,normal,safe,error
i2c_scl,in,,,
i2c_sda,in,,,
fpga_00,in,,,
fpga_01,in,,,
fpga_02,in,,,
fpga_03,in,,,
fpga_04,in,,,
fpga_05,in,,,
fpga_06,in,,,
fpga_07,in,,,
fpga_08,in,,,
fpga_09,in,,,
fpga_10,in,,,
fpga_11,in,,,
fpga_12,in,,,
fpga_13,in,,,
fpga_14,in,,,
fpga_15,in,,,
fpga_16,in,,,
fpga_17,in,,,
fpga_18,in,,,
fpga_19,in,,,
fpga_20,in,,,
fpga_21,in,,,
fpga_22,in,,,
fpga_23,in,,,
fpga_24,in,,,
fpga_25,in,,,
fpga_26,in,,,
fpga_27,in,,,
fpga_28,in,,,
fpga_29,in,,,
d_00,out,fpga_00,0,0
d_01,out,fpga_01,0,0
d_02,out,fpga_02,0,0
d_03,out,fpga_03,0,0
d_04,out,fpga_04,0,0
d_05,out,fpga_05,0,0
d_06,out,fpga_06,0,0
d_07,out,fpga_07,0,0
d_08,out,fpga_08,0,0
d_09,out,fpga_09,0,0
d_10,out,fpga_10,0,0
d_11,out,fpga_11,0,0
d_12,out,fpga_12,0,0
d_13,out,fpga_13,0,0
d_14,out,fpga_14,0,0
d_15,out,fpga_15,0,0
d_16,out,fpga_16,0,0
d_17,out,fpga_17,0,0
d_18,out,fpga_18,0,0
d_19,out,fpga_19,0,0
d_20,out,fpga_20,0,0
d_21,out,fpga_21,0,0
d_22,out,fpga_22,0,0
d_23,out,fpga_23,0,0
d_24,out,fpga_24,0,0
d_25,out,fpga_25,0,0
d_26,out,fpga_26,0,0
d_27,out,fpga_27,0,0
d_28,out,fpga_28,0,0
d_29,out,fpga_29,0,0
